node	subtype
MH760607.1	B
OM857364.1	B
OM857331.1	B
OM857341.1	B
OM857340.1	B
OM857338.1	B
MH760606.1	B
OM857265.1	B
KU950480.1	B
OM857239.1	B
OM857233.1	B
OM857322.1	B
OM857293.1	B
OM857327.1	B
OM857227.1	B
OM857222.1	B
OM857240.1	B
KJ672480.1	B
OM857250.1	B
OM857323.1	B
OM857318.1	B
KJ627735.1	B
OM857216.1	B
KJ672452.1	B
KU950572.1	B
OM857246.1	B
OM857339.1	B
OM857307.1	B
KJ627736.1	B
OM857244.1	B
OM857325.1	B
KX894804.1	B
OM857247.1	B
OM857283.1	B
OM857251.1	B
OM857329.1	B
OM857234.1	B
OM857225.1	B
OM857229.1	B
OM857296.1	B
OM857298.1	B
OM857249.1	B
MZ515948.1	B
OM857219.1	B
OM857266.1	B
OM857226.1	B
KJ672461.1	B
OM857306.1	B
KJ627734.1	B
KJ672464.1	B
OM857215.1	B
OM857274.1	B
OM857252.1	B
OM857253.1	B
KU950474.1	B
KJ672475.1	B
OM857302.1	B
KJ627737.1	B
OM857223.1	B
OM857259.1	B
OM857358.1	B
OM857235.1	B
OM857313.1	B
OM857349.1	B
OK649682.1	B
MZ515597.1	B
KU950627.1	B
OM857257.1	B
OM857271.1	B
KU950509.1	B
OM857221.1	B
OM857333.1	B
KU950567.1	B
KJ672440.1	B
KM042390.1	B
OM857232.1	B
OM857241.1	B
MT506703.1	B
OM857356.1	B
KU950596.1	B
OM857286.1	B
OM857311.1	B
OM857348.1	B
OM857299.1	B
OM857264.1	B
OM857344.1	B
OM857353.1	B
OM857310.1	B
OM857324.1	B
OM857289.1	B
KY967363.1	B
OM857262.1	B
OM857359.1	B
OM857276.1	B
OM857228.1	B
MZ515789.1	B
OM857287.1	B
OM857355.1	B
OM857263.1	B
MZ515945.1	B
MZ516058.1	B
MZ515931.1	B
LR699736.1	B
MZ515879.1	B
MZ515628.1	B
MZ516047.1	B
OM857351.1	B
MZ516127.1	B
MZ515576.1	B
MZ515874.1	B
MZ516009.1	B
MZ515700.1	B
MZ516031.1	B
MZ516014.1	B
OM857279.1	B
MZ515957.1	B
MZ515912.1	B
MZ516071.1	B
MZ516075.1	B
MZ515640.1	B
MZ151855.1	B
MZ516142.1	B
MZ515880.1	B
MZ515583.1	B
MZ515896.1	B
MZ515987.1	B
MZ516002.1	B
MZ515631.1	B
OM857342.1	B
MZ516011.1	B
MZ515680.1	B
MW160827.1	B
MZ515811.1	B
MZ515645.1	B
MZ516000.1	B
MZ516093.1	B
MZ515643.1	B
MZ515602.1	B
MZ515929.1	B
MZ516007.1	B
MZ515579.1	B
MZ515618.1	B
MZ515744.1	B
OM857190.1	B
MZ515998.1	B
MZ515963.1	B
OM857203.1	B
MZ515623.1	B
OM857154.1	B
MZ516130.1	B
MZ515966.1	B
MZ515986.1	B
OM857140.1	B
MZ515755.1	B
MZ515568.1	B
OM857148.1	B
MZ515750.1	B
OM857181.1	B
MZ515614.1	B
OM857160.1	B
MN306030.1	B
OM857147.1	B
OM857168.1	B
OM857149.1	B
OM857164.1	B
OM857188.1	B
OM857156.1	B
OM857212.1	B
OM857192.1	B
OM857201.1	B
OM857183.1	B
OM857155.1	B
MZ515784.1	B
MZ515984.1	B
MZ516117.1	B
OM857189.1	B
OM857141.1	B
OM857176.1	B
MZ515933.1	B
MZ515585.1	B
MZ515686.1	B
MZ515858.1	B
MH447957.1	B
MZ515911.1	B
MZ151854.1	B
MN306031.1	B
OM857177.1	B
MZ515864.1	B
MZ516015.1	B
OM857172.1	B
OM857150.1	B
MZ516066.1	B
MZ515646.1	B
MH760627.1	B
KX765951.1	B
MZ515992.1	B
MZ515866.1	B
OM857146.1	B
OM857196.1	B
MZ515941.1	B
MZ515675.1	B
MZ515973.1	B
KU950634.1	B
MH290724.1	B
MH760609.1	B
OM857236.1	B
OM857242.1	B
MZ516097.1	B
KJ672435.1	B
OM857167.1	B
KX765948.1	B
KU950538.1	B
MZ516043.1	B
MW020596.1	B
KJ672455.1	B
OM857269.1	B
KM042385.2	B
KJ672426.1	B
KU950658.1	B
KJ627739.1	B
OM857291.1	B
MZ516024.1	B
KJ627347.1	B
KX765955.1	B
KJ672434.1	B
KU950460.1	B
KU950632.1	B
OM857267.1	B
KU950529.1	B
KX765925.1	B
MZ515848.1	B
KU950507.1	B
MZ515718.1	B
KM042382.1	B
KU950608.1	B
KJ672439.1	B
KU950470.1	B
KU950629.1	B
MZ515826.1	B
KU950472.1	B
KU950563.1	B
MW160774.1	B
KU950546.1	B
KU950464.1	B
KU950645.1	B
KU950639.1	B
KU950491.1	B
KU950649.1	B
KU950667.1	B
KJ672453.1	B
OK649684.1	B
MN078118.1	B
KU950646.1	B
KJ672484.1	B
MH760638.1	B
MZ516019.1	B
MH828498.1	B
KU839631.1	B
KU950624.1	B
KU950518.1	B
LC474557.1	B
MN071223.1	B
MN071220.1	B
MN536994.1	B
KU950655.1	B
KY654514.1	B
MZ515802.1	B
OM857209.1	B
MG813991.1	B
MH181930.1	B
KU950579.1	B
KM042381.1	B
KU950469.1	B
KU950636.1	B
KU950537.1	B
KU950686.1	B
KU950641.1	B
MH828499.1	B
MZ515654.1	B
MN071211.1	B
MG813986.1	B
KU950643.1	B
KX894797.1	B
KJ672450.1	B
KU950527.1	B
MH181922.1	B
KJ672460.1	B
MZ515800.1	B
MZ515840.1	B
MW160772.1	B
KJ672478.1	B
KU950506.1	B
MW160822.1	B
MZ515566.1	B
MH279547.1	B
MZ515898.1	B
MZ515801.1	B
MZ516038.1	B
KJ672465.1	B
MZ515877.1	B
KU950549.1	B
MZ515580.1	B
LR699734.1	B
KU950486.1	B
MW160830.1	B
MH760651.1	B
OM857320.1	B
KU950685.1	B
MH760645.1	B
KJ672470.1	B
MZ516087.1	B
MW160795.1	B
MZ515705.1	B
MW160759.1	B
MZ515766.1	B
KX765902.1	B
MZ515741.1	B
MH760611.1	B
MZ515876.1	B
MZ515983.1	B
MN306050.1	B
MZ516099.1	B
MW160787.1	B
MZ515821.1	B
KX894807.1	B
MZ516088.1	B
MH760640.1	B
MZ516048.1	B
MK749867.1	B
MZ515841.1	B
MZ515999.1	B
KU950540.1	B
MH760615.1	B
MZ515740.1	B
MZ516072.1	B
MZ516044.1	B
MZ516132.1	B
MZ515569.1	B
MZ516108.1	B
MW160761.1	B
KU950683.1	B
MZ515985.1	B
MZ515902.1	B
KX765917.1	B
KU950560.1	B
MZ515588.1	B
MK749912.1	B
MZ515851.1	B
MZ515852.1	B
MZ515739.1	B
MK167035.1	B
MZ516036.1	B
MZ516092.1	B
MZ516046.1	B
MZ515650.1	B
MW160807.1	B
MZ515702.1	B
MZ515735.1	B
MZ515633.1	B
MZ515861.1	B
MH760648.1	B
MG839543.1	B
MZ515927.1	B
MN071222.1	B
MK749893.1	B
MN078120.1	B
MN071215.1	B
KU950523.1	B
MH760625.1	B
MZ515835.1	B
LC530050.1	B
MW160773.1	B
MZ515634.1	B
OK649681.1	B
MK749917.1	B
MZ515816.1	B
MW160749.1	B
MW160828.1	B
MG773269.1	B
MZ515909.1	B
OM857332.1	B
MN310477.1	B
MZ515967.1	B
MH828491.1	B
MZ515659.1	B
MZ515706.1	B
KX765972.1	B
MZ515891.1	B
MZ515572.1	B
MH760642.1	B
MZ515575.1	B
MN078105.1	B
MZ515888.1	B
MZ515781.1	B
KX765904.1	B
MH828502.1	B
MZ516057.1	B
KU950651.1	B
KX765940.1	B
MH760612.1	B
KJ627740.1	B
MW582528.1	B
MZ516090.1	B
KJ672433.1	B
MN071219.1	B
MZ515870.1	B
KX765970.1	B
OM857352.1	B
MZ515690.1	B
MW160778.1	B
MH828493.1	B
KX765954.1	B
MN078108.1	B
KT285064.1	B
MN071217.1	B
MW160768.1	B
MN536995.1	B
KJ672472.1	B
MZ515629.1	B
MW160771.1	B
KX765944.1	B
MZ515556.1	B
MW160764.1	B
MT422269.1	B
MN630099.1	B
MW160753.1	B
MZ515897.1	B
MN078107.1	B
MW160754.1	B
MW160746.1	B
MZ516055.1	B
MZ516076.1	B
MH760616.1	B
MH760591.1	B
MH760630.1	B
MN078106.1	B
MH760632.1	B
MZ515910.1	B
MN630106.1	B
MN630088.1	B
MZ151852.1	B
MN306017.1	B
KJ672471.1	B
MZ515666.1	B
MN306045.1	B
MH828492.1	B
MZ515993.1	B
KY654517.1	B
MT422272.1	B
MT422271.1	B
MZ515555.1	B
MZ516070.1	B
MN535098.1	B
MH760646.1	B
MN306048.1	B
MZ515867.1	B
KJ672427.1	B
MZ516100.1	B
MZ515752.1	B
MZ515760.1	B
MH447956.1	B
MH760608.1	B
MZ515693.1	B
MW160799.1	B
MZ515642.1	B
MZ515828.1	B
MW020599.1	B
MZ515723.1	B
MN078119.1	B
MZ515854.1	B
MW160782.1	B
MZ515882.1	B
MW160797.1	B
KY654515.1	B
OM857301.1	B
MZ515681.1	B
MZ516128.1	B
MZ515668.1	B
MZ516039.1	B
MZ516131.1	B
MK749895.1	B
OK500256.1	B
MH181914.1	B
MH181993.1	B
OM857343.1	B
MZ516118.1	B
MN071218.1	B
KU950615.1	B
KC731482.1	B
OM857163.1	B
MZ515875.1	B
KX765977.1	B
MZ515780.1	B
OK500269.1	B
KM042391.1	B
MZ515928.1	B
MZ515616.1	B
KX765887.1	B
OM256488.1	B
MZ515906.1	B
MZ515619.1	B
MZ515731.1	B
MZ516001.1	B
KJ672477.1	B
OM256489.1	B
KX765898.1	B
MZ515676.1	B
MZ515692.1	B
MZ516017.1	B
MZ515617.1	B
MZ516096.1	B
OK500260.1	B
OM857237.1	B
KX655640.1	B
MZ516063.1	B
MZ516005.1	B
MW160762.1	B
MW160819.1	B
MZ515954.1	B
MZ515567.1	B
MH182016.1	B
MZ516086.1	B
MH181998.1	B
MH182059.1	B
MH182018.1	B
MH182011.1	B
MH182000.1	B
KU950631.1	B
MK749886.1	B
MH182057.1	B
MH182039.1	B
MH182038.1	B
MN306029.1	B
MH182029.1	B
MH182041.1	B
MN630105.1	B
MH182015.1	B
MH182037.1	B
MZ515592.1	B
MH182012.1	B
MZ515551.1	B
MH181999.1	B
MZ515884.1	B
OM857354.1	B
MH182027.1	B
MH182024.1	B
MZ515782.1	B
MZ515964.1	B
MH182028.1	B
MH182002.1	B
MH182060.1	B
MH182048.1	B
MH182045.1	B
MZ515749.1	B
OK500267.1	B
MH182013.1	B
MH181997.1	B
MH181987.1	B
MH760649.1	B
MH181913.1	B
MH182052.1	B
OK500257.1	B
MH181966.1	B
OM857207.1	B
MH182033.1	B
MH828495.1	B
MH181915.1	B
MH181988.1	B
MH182032.1	B
MH181948.1	B
MH182023.1	B
MH181973.1	B
MH182030.1	B
MN536993.1	B
MH181912.1	B
MH181945.1	B
KY982517.1	B
MH181953.1	B
MH181989.1	B
MH181939.1	B
MH181961.1	B
MH181926.1	B
MH181964.1	B
MH181959.1	B
MZ515632.1	B
MH181985.1	B
MH182054.1	B
MH181970.1	B
MH181992.1	B
MH181991.1	B
MH182008.1	B
MH181968.1	B
MH181944.1	B
MH181981.1	B
MH182051.1	B
MH447953.1	B
KU950698.1	B
MH181977.1	B
MH182049.1	B
MH181925.1	B
MH181919.1	B
MH182034.1	B
MH760624.1	B
MH181974.1	B
MH181934.1	B
MH182021.1	B
MH181976.1	B
MN531557.1	B
MH182047.1	B
OM256492.1	B
MH181967.1	B
OM857315.1	B
MH181972.1	B
MH181928.1	B
MH182019.1	B
MH181943.1	B
MH181954.1	B
MH181910.1	B
MH760613.1	B
MF001043.1	B
MH181908.1	B
MH181932.1	B
MN071221.1	B
OM857330.1	B
OK500258.1	B
MN536991.1	B
MZ515971.1	B
MN078112.1	B
OK649675.1	B
MN630095.1	B
MZ515688.1	B
MF001056.1	B
OK649639.1	B
OK500265.1	B
MN630092.1	B
MH181950.1	B
MH181965.1	B
KY460517.1	B
MH181937.1	B
MN630097.1	B
MN630091.1	B
MN630094.1	B
MH181929.1	B
MZ515734.1	B
MH181951.1	B
KY654506.1	B
MH181984.1	B
MH181918.1	B
MH760603.1	B
MZ516129.1	B
KX655626.1	B
KP663728.1	B
MF001049.1	B
OM857326.1	B
KX765924.1	B
MH181982.1	B
MN078114.1	B
KX655675.1	B
MH760601.1	B
MH181980.1	B
KX765969.1	B
MN536992.1	B
KX765937.1	B
KX765920.1	B
KY654507.1	B
KX765934.1	B
KX765914.1	B
KJ672442.2	B
KX765901.1	B
KX765911.1	B
KX765896.1	B
KJ672436.1	B
KX765967.1	B
KX765894.1	B
OM857336.1	B
KX765938.1	B
MG773271.1	B
MH181957.1	B
MN078109.1	B
KX765931.1	B
MF001050.1	B
MH760605.1	B
MH760641.1	B
MZ516008.1	B
MZ515923.1	B
OM857180.1	B
MH181891.1	B
MZ516053.1	B
OM857300.1	B
KX655699.1	B
KC978856.1	B
KX655620.1	B
MZ515989.1	B
OM857297.1	B
KF530269.1	B
MW020598.1	B
KY654509.1	B
KX655665.1	B
KY654508.1	B
MH181899.1	B
MK109777.1	B
OM857245.1	B
MF973161.1	B
MZ516080.1	B
KX655652.1	B
MH181904.1	B
KX765953.1	B
MK109775.1	B
KU950661.1	B
MW160758.1	B
KJ627316.1	B
KY782635.1	B
KX510243.1	B
MH181902.1	B
KX655662.1	B
MH181898.1	B
KX510218.1	B
KX765946.1	B
KJ939966.1	B
KX655643.1	B
KX510208.1	B
KJ939961.1	B
MH181931.1	B
MH181894.1	B
KX655677.1	B
OK649680.1	B
KX655658.1	B
MH181897.1	B
KX655638.1	B
KX655616.1	B
KX765958.1	B
MH181883.1	B
KX894805.1	B
KX655680.1	B
MH181889.1	B
KX655621.1	B
MH181888.1	B
OM857309.1	B
KJ939955.1	B
KX655659.1	B
MH181900.1	B
KX655663.1	B
KX765928.1	B
LC699633.1	B
KX510262.1	B
MH181905.1	B
KX655627.1	B
KX655687.1	B
KX655656.1	B
MH760596.1	B
KF826830.1	B
JX015498.1	B
MK109772.1	B
KX510173.1	B
KX510227.1	B
MH181885.1	B
KX510211.1	B
KX510242.1	B
MH181886.1	B
OM857143.1	B
KX510236.1	B
KX510215.1	B
KX510264.1	B
KX510144.1	B
KX510245.1	B
KX510189.1	B
KX510186.1	B
KX510167.1	B
OM857220.1	B
KX510159.1	B
KX510254.1	B
KX510225.1	B
KX510162.1	B
KX510202.1	B
KX765913.1	B
KX510220.1	B
KX510200.1	B
MH181927.1	B
KU950513.1	B
KX510250.1	B
KX510157.1	B
KX510222.1	B
KX510165.1	B
MN071214.1	B
KX510138.1	B
MZ516027.1	B
KX510196.1	B
KX510198.1	B
KX510239.1	B
KX510209.1	B
KX655682.1	B
KX510183.1	B
KX765916.1	B
KX510160.1	B
KX510194.1	B
KX510170.1	B
MH760637.1	B
KX894796.1	B
KX510150.1	B
MG813990.1	B
KX510145.1	B
KX510248.1	B
KX510176.1	B
KX510168.1	B
MH760588.1	B
KX510204.1	B
KX510153.1	B
KX510252.1	B
KX510214.1	B
OM857363.1	B
KX510203.1	B
KX510244.1	B
KX510256.1	B
KC731483.1	B
KX510181.1	B
KX510149.1	B
KX510136.1	B
KJ672459.1	B
KP317920.1	B
JF920053.1	B
MN630103.1	B
KX510137.1	B
KX510141.1	B
KX510163.1	B
KP317921.1	B
KX510219.1	B
KX510152.1	B
KX510142.1	B
KX510249.1	B
KJ627319.1	B
MH760635.1	B
KX510228.1	B
KX510175.1	B
KX510251.1	B
KJ627318.1	B
KJ627360.1	B
KX510154.1	B
KX510178.1	B
KX510146.1	B
KX510188.1	B
KX510258.1	B
KJ627279.1	B
KX510221.1	B
KJ627250.1	B
KJ627370.1	B
KX510206.1	B
KX510205.1	B
MK749911.1	B
KJ627261.1	B
ON152648.1	B
KX510156.1	B
KJ627320.1	B
MW160824.1	B
KJ627295.1	B
KX510229.1	B
KX510210.1	B
OM256490.1	B
MH760597.1	B
KP258733.1	B
OM857208.1	B
KJ627287.1	B
KJ627300.1	B
KJ627271.1	B
MH182009.1	B
MZ515894.1	A
KJ627322.1	B
MZ515601.1	A
KJ627259.1	B
KJ627246.1	B
KX510166.1	B
KP317936.1	B
MZ515962.1	B
MZ515850.1	B
KX510139.1	B
KJ627294.1	B
MN365523.1	A
KJ627665.1	B
MZ515824.1	A
KY249670.1	A
MZ515609.1	B
MG431254.1	B
MK109763.1	B
KX510263.1	B
OM857387.1	A
KJ627365.1	B
KJ627301.1	B
KJ627713.1	A
KJ627373.1	B
KJ627306.1	B
MZ515812.1	A
KJ627315.1	B
MN108248.1	A
LC474527.1	A
KJ627272.1	B
MH182043.1	B
KJ627355.1	B
KP317949.1	A
KJ627308.1	B
KJ627372.1	B
KJ627326.1	B
OM857142.1	B
MZ515830.1	A
MZ151849.1	A
JC603427.1	A
OK649703.1	A
KU950519.1	B
JX015491.1	B
OM857152.1	B
OM857368.1	A
MZ516112.1	B
OK649656.1	A
MZ515871.1	A
KU950692.1	B
OM857390.1	A
KP258736.1	A
MZ515715.1	A
MZ516139.1	A
OM857335.1	B
MG642060.1	A
OK500264.1	A
KU950490.1	A
MN365533.1	A
OK649727.1	A
MZ516051.1	A
KJ627704.1	A
OM857334.1	B
MN365469.1	A
MN365554.1	A
KJ643490.1	A
KM578843.1	B
MZ515817.1	A
OM141141.1	A
MZ516059.1	A
MZ515658.1	A
MN365402.1	A
MZ515762.1	A
OM857391.1	A
MN125661.1	A
OK649658.1	B
KP258724.1	A
MH594379.1	A
OK649752.1	A
MN365306.1	A
OM857295.1	B
MN365541.1	A
MF001047.1	B
KJ939959.1	B
MZ515770.1	A
MW160789.1	A
KP317934.1	A
MN365383.1	A
OM141143.1	A
MN365575.1	A
KX510240.1	B
KX765945.1	A
KU950456.1	B
OM857145.1	B
KX765941.1	B
JF920062.1	B
MW160814.1	A
MZ515839.1	A
MZ515673.1	A
JX069802.1	A
KJ939968.1	B
MW160831.1	A
MZ515698.1	A
KJ672437.1	B
MN125670.1	A
MZ515974.1	A
KU316163.1	A
OM857316.1	B
KU950693.1	A
KY249680.1	A
MZ515669.1	A
OM857292.1	B
KY883567.1	B
KJ627374.1	B
MZ516111.1	B
MZ515809.1	A
KJ627336.1	B
OM857362.1	B
JF920052.1	B
MH828506.1	A
MN536998.1	B
MW160745.1	A
OM857175.1	B
MN125668.1	A
KJ643567.1	A
KJ627249.1	A
MH760629.1	B
MH181903.1	B
MZ515886.1	A
MK534510.1	A
MZ516034.1	A
MZ515724.1	A
MZ515794.1	A
KF826852.1	A
MZ515788.1	B
MN108244.1	A
MZ515625.1	A
MZ515893.1	A
MW160780.1	A
MN365426.1	A
MH181942.1	B
MZ515937.1	A
MG431251.1	A
KU950535.1	A
MW160802.1	A
MZ515977.1	A
MK109786.1	A
MZ515557.1	A
MN365553.1	A
MH181881.1	B
KP856967.1	A
MZ515707.1	A
MZ516056.1	A
KX765915.1	B
KU950581.1	B
MN365449.1	A
KJ627248.1	B
MZ515671.1	A
MN108242.1	A
MZ516021.1	A
MW160815.1	A
MN365374.1	A
OM857200.1	B
LC474552.1	A
MZ515637.1	A
MZ515677.1	A
OK649689.1	A
MN071213.1	B
MZ516089.1	A
MZ515990.1	A
MZ516107.1	A
MZ515786.1	A
OK500266.1	B
MW160806.1	A
KX510257.1	B
JX015499.1	B
MH327947.1	A
MZ515683.1	A
KP258701.1	A
JX576733.1	A
MZ516084.1	A
OM857179.1	B
MN306044.1	A
MN365527.1	A
MH594383.1	A
MZ515792.1	A
MZ515712.1	A
MZ515873.1	B
JX015492.1	B
MZ515605.1	A
KU950462.1	A
MZ151850.1	A
OK649622.1	B
OK649711.1	A
KP258723.1	B
MZ516062.1	A
OM857381.1	A
MH760683.1	A
MZ515648.1	A
KP258731.1	A
OM857377.1	A
KJ643493.1	A
KJ939940.1	B
OK649670.1	A
MH594437.1	A
OM857294.1	B
MT040089.1	A
MK167034.1	A
ON237087.1	A
MZ515919.1	A
LC324678.1	A
KU316149.1	A
MH760703.1	A
MH760650.1	B
MZ515764.1	A
MZ516110.1	B
JF920047.1	B
LC474522.1	A
OM141142.1	A
OM256498.1	A
MH594461.1	A
KY249681.1	A
KU950544.1	B
KJ672481.1	A
MG813992.1	B
MZ515956.1	B
OM857372.1	A
MZ516010.1	B
JF920056.1	B
MK929516.1	A
KF826855.1	B
MG642045.1	A
MN365588.1	A
OM857303.1	B
MF001048.1	A
KU950489.1	A
LC384999.1	A
MN365452.1	A
KU950481.1	A
MK749892.1	A
KJ723470.2	A
KU950585.1	B
MZ516064.1	A
MH594389.1	A
MK749871.1	A
MZ515979.1	A
MZ515787.1	A
MH594431.1	A
KX765971.1	B
MZ515665.1	A
MN365457.1	A
KJ643477.1	A
MN306054.1	B
MW160777.1	A
MN365412.1	A
KU316168.1	A
MN365472.1	A
MN365445.1	A
KU707921.1	A
MN365418.1	A
LR699735.1	A
KY249683.1	A
MZ515899.1	A
MZ515960.1	B
KU316106.1	A
LC384997.1	A
MN167848.1	A
KU950640.1	A
MZ516003.1	A
MZ515808.1	A
OM857393.1	A
KX655695.1	B
GU591766.1	A
MK749881.1	A
MZ515940.1	B
KY883570.2	A
MK749877.1	A
MK749899.1	A
MN365385.1	A
MK749873.1	A
MN365559.1	A
MN365379.1	A
MN365463.1	A
MN365361.1	A
OK649735.1	A
LR699738.1	A
MH182036.1	B
MZ515779.1	A
OM857256.1	B
KX510197.1	B
MN365502.1	A
MZ516136.1	A
MK109782.1	A
MN365501.1	A
MN365415.1	A
MN365587.1	A
KU316114.1	A
KJ672476.1	A
MZ515925.1	A
OK649665.1	B
MZ515926.1	A
MZ516049.1	A
KJ627349.1	B
MN365571.1	A
MN365414.1	A
KX510213.1	B
KU316146.1	A
OM857382.1	A
KX510224.1	B
MN630101.1	B
MN365335.1	A
JX576747.1	A
OM857170.1	B
MN365337.1	A
MN365464.1	A
LC474554.1	A
JF920064.2	B
MH760709.1	A
KX655642.1	A
MG642057.1	A
MG839547.1	A
KJ672449.1	B
OM857198.1	B
MN365362.1	A
OM857173.1	B
MW160800.1	A
MW160784.1	A
MH594391.1	A
KJ672463.1	B
OM857231.1	B
ON237108.1	A
MN365568.1	A
MH760716.1	A
MZ516041.1	A
MH594422.1	A
KJ627648.1	B
OM857202.1	B
MN365372.1	A
KU950556.1	B
MH760684.1	A
MZ515611.1	A
KJ723489.1	A
KF826828.1	A
KJ643503.1	A
MN365377.1	A
KX510230.1	B
MH760688.1	A
MT040078.1	B
KJ939931.1	A
MZ515991.1	A
MZ515980.1	B
OK649609.1	B
MZ515949.1	B
MZ515846.1	A
OK649632.1	B
MN365589.1	A
MZ515573.1	B
MN365489.1	A
MZ515667.1	A
KX655688.1	B
MZ516054.1	A
MH828497.1	B
MZ515836.1	A
MZ515571.1	B
KP258699.1	A
KJ627346.1	B
OM141138.1	A
MZ515704.1	A
MG642039.1	A
MZ515771.1	A
KU950677.1	B
MN365367.1	A
KR350475.1	A
MH828494.1	B
MH760690.1	A
KU316147.1	A
KU950590.1	B
MN365455.1	A
KU950496.1	A
KU950485.1	B
MN365448.1	A
OM857373.1	A
OM857395.1	B
MZ515587.1	A
OM857174.1	B
MZ515581.1	A
MG642046.1	A
MH760713.1	A
KJ939944.1	B
MK167036.1	B
MZ515552.1	A
KJ627245.1	B
MH828500.1	B
JF920069.1	A
MZ516126.1	A
MZ516141.1	A
KU839622.1	A
MZ515742.1	A
LC474538.1	A
OK649726.1	A
KU950504.1	A
MZ516082.1	A
MN078117.1	B
KU950678.1	A
GU591767.1	A
KX765895.1	A
ON237098.1	A
MZ515678.1	A
MW160810.1	A
MZ515868.1	A
MZ515908.1	B
MH182001.1	B
KJ627361.1	B
KU839629.1	A
MH594444.1	A
MH760618.1	B
MT040085.1	A
MH760681.1	A
MN108241.1	A
MZ515610.1	A
KJ723476.2	A
KU950554.1	B
MH760691.1	A
KX655692.1	B
MH760677.1	A
MZ515612.1	A
KX655667.1	B
MH594399.1	A
KU950522.1	B
LR699726.1	A
MZ515889.1	A
GU591769.1	B
MH181947.1	B
KJ939951.1	B
MW160794.1	A
LC474543.1	A
MH594420.1	A
LC474558.1	B
MN365313.1	A
MT040088.1	A
MN365353.1	A
MN365376.1	A
OM857272.1	B
OM857386.1	A
MZ515562.1	A
MZ515831.1	A
LC474542.1	A
KM042383.1	B
KU316165.1	A
MN365498.1	A
LR699743.1	A
KF973338.1	A
MZ515603.1	A
OK649633.1	B
KU950644.1	B
KU950573.1	B
MZ515582.1	B
KX510261.1	B
MN365583.1	A
KX510199.1	B
MH760695.1	A
MH760670.1	A
MN365417.1	A
KF826836.1	A
MZ516102.1	A
MW160798.1	A
MK749908.1	A
MH760672.1	A
MN630096.1	B
KY249660.1	A
KF826817.1	B
KJ643507.1	A
LC488177.1	A
MK749870.1	A
MW160835.1	A
KP218910.1	B
MK749874.1	A
MF001057.1	B
KJ627685.1	A
OM857260.1	B
MK749888.1	A
KJ643583.1	A
MN630107.1	B
MT107528.1	A
MK749915.1	A
MN365462.1	A
OK649627.1	B
MK749880.1	A
KU950536.1	B
MK749887.1	A
MH760671.1	A
MN365436.1	A
MK749897.1	A
MK749916.1	A
MK749896.1	A
KU950656.1	A
KJ643566.1	A
MN365381.1	A
MN365346.1	A
KU950674.1	B
OK649640.1	B
LC385008.1	A
KU316094.1	A
MN365562.1	A
MW160781.1	A
MH828511.1	A
MK749905.1	A
MN365358.1	A
MN167845.1	A
KU950689.1	A
MW033958.1	B
OM857197.1	B
KX765935.1	A
MN365563.1	A
KJ723462.1	A
MN365382.1	A
MN365474.1	A
MH760731.1	A
MK810782.1	A
KX510185.1	B
MN125669.1	A
MN365510.1	A
MN365369.1	A
KJ672448.1	B
MN365310.1	A
MW160751.1	A
MZ515721.1	A
MN365422.1	A
MH760662.1	A
MN365427.1	A
MH760639.1	B
MH181917.1	B
MN365516.1	A
MK929517.1	A
MH447958.1	B
KJ627317.1	A
MN365531.1	A
MH760593.1	B
MN365521.1	A
MN365536.1	A
MN365317.1	A
OM857394.1	A
MG642078.1	A
LC474553.1	A
KU316098.1	B
MH760728.1	A
MH760674.1	A
MN365538.1	A
OK500261.1	A
KF973337.1	A
MZ515988.1	A
MN251607.1	B
KX655618.1	B
MZ515953.1	A
KU950587.1	A
MN365550.1	A
KJ643574.1	A
MN365438.1	A
MH760680.1	A
MN365348.1	A
MH760724.1	A
MN365352.1	A
KJ627711.1	A
MN078113.1	B
MH760686.1	A
MW020595.1	A
MN365539.1	A
MN365443.1	A
MK749910.1	A
MN365316.1	A
MN365431.1	A
KU316161.1	A
MZ516073.1	B
KP663730.1	A
KJ643520.1	A
LC385000.1	A
MH760614.1	B
MW160770.1	A
MK989762.1	A
KJ817799.1	A
KX510164.1	B
MK749876.1	A
MZ515615.1	A
MN365454.1	A
MZ515815.1	B
MK109780.1	A
MN365599.1	A
MZ515872.1	A
OM857282.1	B
MW160821.1	A
KJ627345.1	B
MK749869.1	A
KU950614.1	A
MH181935.1	B
MN365591.1	A
MZ515591.1	A
MN365446.1	A
MZ516104.1	A
MG813980.1	B
LC474548.1	A
MN365595.1	A
KJ627327.1	B
KU950625.1	A
KX765936.1	B
MN365592.1	A
MN365503.1	A
MN365515.1	A
MN167842.1	A
KJ643524.1	A
KX655660.1	A
MN365529.1	A
KX510193.1	B
MT373705.1	A
LR699739.1	A
KY654516.1	B
OM256499.1	A
MF001054.1	B
MG642080.1	B
MW160803.1	B
MK749879.1	A
KX510255.1	B
KX655648.1	A
KY249658.1	A
MZ515594.1	A
MW160757.1	A
MZ515727.1	A
KU950670.1	B
KJ643513.1	A
MN365451.1	A
MW160785.1	B
MH760675.1	A
MH760687.1	A
MW160748.1	A
KU839634.1	A
KJ627266.1	B
JF920048.1	B
KJ627268.1	B
KU950568.1	A
MN365596.1	A
MN365586.1	A
MW160836.1	A
KJ643488.1	A
KU950547.1	A
MH760633.1	B
KX510233.1	B
KP317923.1	A
MZ515943.1	B
OM857385.1	A
MN365494.1	A
MH181916.1	B
MZ516069.1	B
KU950564.1	A
KU950493.1	B
MN365519.1	A
MW160767.1	B
LR699741.1	A
KX765932.1	B
MW020597.1	B
KJ643561.1	A
KJ627338.1	B
KJ627730.1	A
MZ515863.1	A
KF826822.1	A
OM256497.1	B
MN365496.1	A
MN365497.1	A
MN365304.1	A
MZ515865.1	A
MH181963.1	B
MZ515903.1	A
MN365532.1	A
OK649677.1	A
KU316126.1	B
KJ643562.1	A
MN365370.1	A
MZ515647.1	B
KP258727.1	A
KJ643478.1	A
MG813988.1	B
MK749904.1	A
MZ515946.1	A
JX015482.1	B
OM857230.1	B
MW160747.1	B
MZ515901.1	B
LC384998.1	A
KX765949.1	A
MW160809.1	B
OK649592.1	B
MN365442.1	A
KU316169.1	A
KY654513.1	B
OM857371.1	A
KP258726.1	A
KJ643531.1	A
KJ643496.1	A
OM857380.1	A
KJ627717.1	A
MN365421.1	A
MH760711.1	A
KU950592.1	B
MN365391.1	A
KJ643469.1	A
MZ515833.1	B
MW160816.1	A
MF614946.1	B
MW160790.1	A
KJ643486.1	A
MZ515959.1	B
KU316178.1	A
MH760693.1	A
KJ643528.1	A
MZ515768.1	B
MZ515883.1	A
GU591759.1	A
MZ515763.1	A
MG813977.1	B
KJ643462.1	A
KJ627650.1	A
MW160820.1	B
KJ627264.1	B
OK649591.1	A
OK649654.1	B
MZ515756.1	A
OM857187.1	B
KJ643476.1	A
OM857374.1	A
MZ516095.1	A
MG813994.1	A
MZ516016.1	A
KJ643519.1	A
KX655657.1	B
KJ643565.1	A
KU950583.1	B
MN365390.1	A
OK649745.1	A
MN365425.1	A
KJ643545.1	A
MH760721.1	A
KU950610.1	B
KJ643497.1	A
KJ672469.1	B
MH760623.1	B
MN365546.1	A
KJ643588.1	A
KJ643481.1	A
KJ627682.1	A
LC474541.1	A
MZ516114.1	A
KJ643540.1	A
KJ627343.1	B
KX655674.1	A
MH760653.1	A
MN365307.1	A
KU950521.1	B
MG839546.1	B
MW160823.1	A
KJ627681.1	B
KJ643530.1	A
KJ627351.1	B
MH594460.1	A
MN365470.1	A
MN365386.1	A
KJ643479.1	A
MZ515574.1	A
KJ643494.1	A
MN365420.1	A
MN365303.1	A
MG027862.1	A
KJ643468.1	A
MZ515981.1	A
KX510216.1	B
KJ643542.1	A
OM857314.1	B
MZ515818.1	A
KF530267.1	B
ON237089.1	A
MZ515661.1	A
KJ627670.1	A
MK109767.1	A
KU950589.1	A
KY883566.2	B
KJ643512.1	A
KU950679.1	A
KY418148.1	A
KJ643491.1	A
MN167849.1	A
LC385006.1	A
MH760636.1	B
MN365468.1	A
MH760702.1	A
MZ515596.1	A
KJ643475.1	A
MZ515710.1	A
KU839630.1	B
MH760699.1	A
MZ515604.1	B
MK733766.1	A
MN365405.1	A
JX015496.1	B
MZ515662.1	B
MZ516078.1	B
KX655635.1	B
MZ515554.1	A
OK649747.1	A
MG813985.1	B
KJ643543.1	A
MN365366.1	A
KJ643544.1	A
KJ643554.1	A
MZ516061.1	A
KJ643474.1	A
MN365545.1	A
OM857312.1	B
MG773270.1	A
MZ516143.1	A
KU316174.1	A
KF973339.1	A
KJ643465.1	A
KU316177.1	A
OK649642.1	B
KJ627729.1	A
KJ627690.1	A
GU591762.1	A
MH182006.1	B
KJ627709.1	A
MK109783.1	A
KF826816.1	A
OM857347.1	B
OK649715.1	A
MH594390.1	A
KJ627683.1	A
MH760654.1	A
MN365450.1	A
KJ939935.1	B
KU950570.1	B
MK749882.1	A
MG642073.1	A
KX510201.1	B
KJ627328.1	B
MZ515738.1	A
KX765906.1	A
MZ516033.1	B
KJ643471.1	A
OM857161.1	B
KF530268.1	A
KJ643557.1	A
KJ643525.1	A
KF826837.1	A
MZ516079.1	A
MZ515765.1	A
KU950681.1	A
MZ515553.1	A
KP317953.1	B
KU950530.1	A
KX765926.1	B
MF185752.1	A
KX510238.1	B
KJ723485.2	A
MH182055.1	B
MF973155.1	A
MZ515753.1	A
MF001045.1	A
MH181909.1	B
MZ516138.1	B
MN365351.1	A
MZ515663.1	A
KY684758.1	A
KU316092.1	B
OM857255.1	B
GU591764.1	A
MG642072.1	A
KX765903.1	A
MH760668.1	A
JQ901448.1	A
MN365551.1	A
KP258716.1	A
KJ723473.1	A
MG793382.1	B
KX510171.1	B
MH182022.1	B
KY249679.1	A
MK749902.1	A
KJ643570.1	A
MZ516042.1	A
KU950642.1	B
MH760622.1	B
KF826846.1	A
OM857169.1	B
KF826858.1	A
ON237096.1	A
KU950468.1	B
MZ515813.1	A
MN365593.1	A
KX510207.1	B
MG642059.1	A
MH760595.1	B
MN365423.1	A
MK989763.1	A
ON237106.1	A
MH181906.1	B
KF826841.1	A
KU316099.1	A
MN365486.1	A
KJ643571.1	A
MN365460.1	A
MN365487.1	A
KX765900.1	A
MZ515783.1	A
KX894800.1	A
KU316111.1	A
KJ627677.1	A
MN125674.1	A
KX765933.1	A
KU950461.1	A
MK109771.1	A
MH181924.1	B
MN365437.1	A
MN365518.1	A
KP258728.1	A
KJ643553.1	A
KM042389.1	B
MN365477.1	A
KU316120.1	A
MH181941.1	B
MT040086.1	A
MN630100.1	B
OK649606.1	A
MT422273.1	B
KX765962.1	A
KX510177.1	B
MH760722.1	A
OK649674.1	A
KJ627721.1	A
MN365322.1	A
OM857317.1	B
MZ516026.1	B
LC474529.1	A
KJ939947.1	B
MZ515797.1	B
MZ515810.1	B
MN365483.1	A
KX894802.1	B
MZ515737.1	B
KX655637.1	B
MK749907.1	A
JX576749.1	A
MN365582.1	A
KU950528.1	B
MN365466.1	A
MZ515939.1	B
MT040084.1	A
OM857194.1	B
JX576762.1	B
MZ515944.1	A
MH181893.1	B
KF973328.1	A
MZ516120.1	B
KJ627658.1	A
MN365549.1	A
KJ643572.1	A
MN365400.1	A
KX510148.1	B
MK749890.1	B
MH594381.1	A
KP317932.1	A
MW587044.1	A
MN365585.1	A
MW160818.1	A
MH828509.1	A
MZ515798.1	A
KU950473.1	A
MN630093.1	B
KJ672444.1	B
KF826827.1	A
MH760730.1	A
MG813979.1	B
OK649664.1	B
KU316117.1	A
OM857199.1	B
MZ516135.1	A
KJ643576.1	A
MH760701.1	A
MN365453.1	A
MN125664.1	A
MN108246.1	A
MZ515823.1	A
MH181986.1	B
MW160796.1	A
MZ515714.1	A
MH760661.1	A
KJ939962.1	B
OK500262.1	A
KJ939956.1	B
MK733768.1	A
KU950459.1	B
KX510253.1	B
KJ672446.2	B
MZ515994.1	B
KU950612.1	B
MK749884.1	B
KX510184.1	B
KF973320.1	A
MK749901.1	A
JQ901456.1	A
MF185751.1	A
MN365308.1	A
MH181990.1	B
KJ672479.1	A
LC385004.1	A
OK649653.1	A
OK649676.1	A
MZ515759.1	A
KU950680.1	B
MH182061.1	B
MZ515649.1	B
KJ627307.1	B
KX765891.1	A
MZ516140.1	A
MZ515914.1	A
OM857195.1	B
MZ151856.1	A
KJ643589.1	A
MK749906.1	A
MN163125.1	A
KJ643580.1	A
OM857243.1	B
KP258703.1	A
KU950690.1	A
KJ643510.1	A
MG027859.1	A
KF826847.1	A
KU950557.1	B
KU316162.1	A
KJ627727.1	A
KJ643534.1	A
MZ515695.1	B
MH760599.1	A
KJ939963.1	B
MH594455.1	A
MZ515716.1	A
KJ643582.1	A
MH760679.1	A
MZ515679.1	B
MH760707.1	A
MH447955.1	B
MN365579.1	A
KF826834.1	A
MK749868.1	A
ON237095.1	A
MN071216.1	B
MH760729.1	A
KF826821.1	B
MZ515805.1	A
KJ627698.1	A
KJ643501.1	A
MG642068.1	A
MK749866.1	A
KY654512.1	B
MF001051.1	B
AF035006.1	A
KJ627309.1	B
KP258719.1	A
OK649646.1	A
MZ515796.1	B
OM857277.1	B
MG773266.1	A
MN365355.1	A
KJ627731.1	A
MN365482.1	A
MZ515869.1	A
KJ643495.1	A
KJ939957.1	B
KJ643550.1	A
KU950487.1	A
KJ643511.1	A
JX015485.1	A
KX894799.1	B
KU950666.1	B
MN365558.1	A
MG813978.1	B
OM256493.1	B
KJ643522.1	A
MZ515791.1	A
MG642048.1	A
KF973334.1	A
MN167843.1	A
KJ643521.1	A
KU950613.1	A
MH760594.1	B
MZ515845.1	A
MZ515691.1	A
KU950550.1	B
MN365488.1	A
MN365507.1	A
MN365504.1	A
MH181882.1	B
KJ672467.1	B
MH760717.1	A
MH760669.1	A
OM857308.1	B
KU950653.1	B
MW160791.1	A
OK649673.1	A
KU950664.1	B
KJ627694.1	A
KJ627269.1	B
OK649669.1	B
KJ643541.1	A
KX894798.1	A
MH760610.1	B
MH760705.1	A
MN365327.1	A
MN163126.1	A
JQ901451.1	A
KX894803.1	B
MN365499.1	A
KJ627722.1	A
KJ672457.1	B
OK649589.1	A
KX655661.1	B
OM857288.1	B
OM857388.1	A
KJ939921.1	A
KU950609.1	A
MW160813.1	A
MZ515860.1	B
KU316107.1	A
MW160811.1	A
KJ643535.1	A
KJ627662.1	A
MH760720.1	A
KJ643533.1	A
MK749891.1	A
KY982516.1	B
MH181901.1	B
OL321917.1	A
KJ643523.1	A
ON237091.1	A
OK649698.1	A
MN365440.1	A
MN365578.1	A
KJ643506.1	A
KJ939926.1	A
MH182053.1	B
MK749889.1	A
OM857375.1	A
LC474544.1	A
MW160826.1	A
MZ515938.1	A
KU950694.1	B
KU950696.1	B
MW160834.1	A
MF614947.1	B
MN365492.1	A
MN365429.1	A
KP258734.1	B
KJ627649.1	A
MN365409.1	A
KU950626.1	B
OM857254.1	B
KJ643467.1	A
KJ672425.1	A
MW160829.1	A
KX510235.1	B
MZ515689.1	B
MN365315.1	A
KX655670.1	B
MN365407.1	A
LC474555.1	A
KJ643575.1	A
KX894806.1	B
MH594388.1	A
KX765963.1	A
MH594416.1	A
KU950483.1	B
MZ515561.1	A
KU950463.1	A
ON237105.1	A
KY654518.1	B
JQ901453.1	B
KY967364.1	A
MN365347.1	A
KX655641.1	A
MN365584.1	A
KX510226.1	B
KJ643579.1	A
KU950475.1	B
KJ939971.1	B
KJ672474.1	A
KJ627716.1	A
OK649678.1	B
KJ939933.1	A
MF001058.1	A
KJ627312.1	B
KJ643482.1	A
MZ516029.1	B
MZ515922.1	B
KU316101.1	A
KP856961.1	A
MW160763.1	A
MZ516065.1	A
MZ515653.1	A
KJ672443.1	B
MN365434.1	A
MH760673.1	A
KJ627692.1	A
MN365520.1	A
MN167844.1	A
OK649630.1	B
MN365380.1	A
MG813982.1	B
MZ515736.1	A
MH181962.1	B
KY418147.1	A
MZ515913.1	B
KU950501.1	A
KJ723486.2	A
KJ627728.1	A
KJ627688.1	A
JQ901458.1	B
ON237088.1	A
KJ643499.1	A
MN365597.1	A
MH594395.1	A
MW160752.1	A
KU950561.1	A
KF973321.1	A
KF973340.1	A
MZ515924.1	A
MH182046.1	B
KX655625.1	A
KJ627350.1	B
MZ516060.1	A
KJ627718.1	A
MF554738.1	B
KJ627340.1	A
MN365548.1	A
KJ627701.1	A
MW160838.1	A
MN365311.1	A
KJ643555.1	A
KJ627710.1	A
KJ643508.1	A
MG642062.1	A
KJ939943.1	A
MZ515703.1	B
KJ643560.1	A
MZ515577.1	B
KF973333.1	A
MN365340.1	A
MN365467.1	A
KJ627667.1	A
ON237084.1	A
OM141139.1	A
MH594366.1	A
KF826839.1	A
JX576744.1	A
MG027861.1	B
OK649739.1	A
MH594377.1	A
MN167847.1	A
KJ643472.1	A
MZ515892.1	A
MZ515814.1	B
MN630098.1	B
KJ643558.1	A
KX510191.1	B
KJ627353.1	B
KJ643548.1	A
MZ515754.1	A
KJ643569.1	A
MZ515590.1	A
MK109778.1	A
MN365312.1	A
KJ672428.1	B
KF826848.1	B
KJ643559.1	A
MH760643.1	B
OM857158.1	B
MN108243.1	A
MZ515696.1	B
KX655617.1	B
OK649652.1	B
MZ515622.1	A
OM857346.1	B
MN365342.1	A
KU316136.1	B
MZ515685.1	B
OM857290.1	B
MZ515856.1	A
KJ627359.1	A
JQ901454.1	A
MN365413.1	A
MH760723.1	A
MZ516125.1	A
KJ627371.1	B
KJ643502.1	A
MG642055.1	A
MZ515697.1	A
KP119747.1	B
JQ901455.1	A
MK749875.1	A
KJ627247.1	A
MN365478.1	A
KF713492.1	A
MH181936.1	B
MH594456.1	A
JQ901457.1	B
MN365484.1	A
KF826832.1	A
KU839639.1	B
MK109774.1	B
MN365537.1	A
KX765966.1	A
MN365350.1	A
MW768127.1	A
KJ627686.1	A
KJ627668.1	A
KP317956.1	A
KJ627732.1	A
MN365570.1	A
MZ515881.1	B
KX765956.1	B
MZ515862.1	B
MN536999.1	B
KF826833.1	B
KJ643463.1	A
KJ627304.1	B
KU316123.1	A
MZ515837.1	A
KF826823.1	A
KU950545.1	B
MH181907.1	B
OM326756.1	A
MZ515775.1	A
KJ939920.1	A
KJ672447.1	A
MH594386.1	A
KF973323.1	A
KJ643586.1	A
MH760726.1	A
KJ643578.1	A
MZ516037.1	A
KU950622.1	A
MN365476.1	A
MN630090.1	B
KJ643584.1	A
MN365444.1	A
MN365326.1	A
JX015490.1	B
KX655690.1	A
MZ515627.1	A
JF920051.1	B
MN365534.1	A
MK749872.1	A
MN365565.1	A
KJ643517.1	A
KJ643526.1	A
KJ643532.1	A
MN365458.1	A
KJ627344.1	B
KF973322.1	A
MZ515600.1	B
KX655672.1	B
KF973319.1	A
MH828507.1	A
KJ672462.1	A
MK749914.1	A
MN365387.1	A
MK534512.1	A
MN365324.1	A
KF826840.1	B
KU950479.1	A
KJ627661.1	A
KF973332.1	A
KJ627714.1	A
MN365513.1	A
KX765912.1	A
MW160825.1	B
KU316132.1	A
KX655676.1	B
KJ627706.1	A
MN365581.1	A
MZ515827.1	A
LC474525.1	A
MZ515997.1	A
MN365561.1	A
OK649637.1	A
OM857217.1	B
KJ643585.1	A
MZ515844.1	A
KJ643581.1	A
KJ627680.1	A
KU950638.1	B
KJ643573.1	A
MH182017.1	B
KJ672454.1	B
KJ817800.1	A
KJ627354.1	B
KJ627663.1	A
JC603426.1	A
MZ515936.1	A
MZ515955.1	A
MN365336.1	A
JX069803.1	A
KJ643527.1	A
MH594441.1	A
KJ643516.1	A
MW160805.1	A
MN365564.1	A
KJ627678.1	A
OM857224.1	B
KU316135.1	A
MN365511.1	A
KJ627703.1	A
OM857218.1	B
ON237083.1	A
KJ627712.1	A
KY249661.1	A
KJ641590.1	A
GU591761.1	A
MN365475.1	A
KJ643480.1	A
MZ515621.1	B
KJ643552.1	A
KJ627286.1	B
KU950514.1	A
KX655628.1	B
KJ643537.1	A
KU316166.1	B
MW160779.1	B
KJ627693.1	A
MZ515656.1	A
KJ643484.1	A
MZ515728.1	A
KP258712.1	A
MZ515859.1	B
KF973330.1	A
KJ627675.1	A
KJ627702.1	A
MK167041.1	A
LR699315.1	B
KJ939937.1	B
KU950466.1	A
KJ627705.1	A
MN365567.1	A
KM042384.2	B
KU316137.1	A
KJ643504.1	A
MZ516115.1	A
MN365341.1	A
MZ516113.1	A
MN365344.1	A
OK649694.1	A
MG813993.1	B
KJ627684.1	A
MZ515747.1	A
KX510241.1	B
ON210122.1	B
KX655622.1	B
KJ627725.1	A
MZ515595.1	A
OM857193.1	B
MG773267.1	B
MH760621.1	B
OM857397.1	A
MN365325.1	A
MN071210.1	B
KJ627664.1	A
KJ627652.1	A
KJ627672.1	A
KJ672429.1	B
OK649629.1	B
KX765964.1	A
KU950604.1	A
KM042387.1	A
KX655653.1	A
MG813983.1	B
JX627336.1	B
KJ627674.1	A
OK649697.1	A
MN365491.1	A
KU316176.1	A
MH760631.1	B
KJ939950.1	B
MZ516004.1	B
MZ515878.1	B
MG813987.1	B
MH594400.1	A
KJ627660.1	A
MW160744.1	A
LC720430.1	A
OK649661.1	B
MN365363.1	A
MN365332.1	A
OK649660.1	B
KF713491.1	A
KJ627666.1	A
KP317927.1	A
KX510158.1	B
KP856963.1	A
MN365428.1	A
MG027860.1	A
KJ643509.1	A
MN365557.1	A
KU950660.1	B
MG642050.1	B
MZ515660.1	A
MN536996.1	B
MH182014.1	B
MZ515613.1	A
KU316093.1	A
KU950619.1	A
MH760725.1	A
MH181979.1	B
MN365572.1	A
JX015488.1	A
MN365459.1	A
MZ515776.1	A
KJ939954.1	A
KJ627657.1	A
JF920059.2	B
KU316104.1	A
KJ643487.1	A
KP258711.1	A
KF973329.1	A
KP258732.1	A
OM256494.1	B
MZ515799.1	A
MT994242.1	A
MZ515684.1	A
MH760694.1	A
MH594410.1	A
KP258720.1	A
MZ515769.1	A
OK649635.1	A
OM857328.1	B
LC474523.1	A
KJ723465.1	A
MG642052.1	A
KJ939928.1	A
KJ627669.1	A
KJ627311.1	B
OM857191.1	B
MZ515635.1	A
KJ627651.1	A
MK749898.1	A
KJ723487.1	A
MG642081.1	B
OM857392.1	A
MG642026.1	B
MH760682.1	A
MZ515772.1	B
KJ627689.1	A
MH760696.1	A
KP258709.1	A
KP258722.1	A
MZ516013.1	A
KU839637.1	B
MZ515687.1	B
MF001039.1	B
MN365403.1	A
KU950531.1	B
MZ515969.1	B
MH182004.1	B
KF826854.1	A
MZ515598.1	A
MN365508.1	A
MG642029.1	A
MZ515620.1	B
MZ516094.1	A
MZ515641.1	B
MG773268.1	A
MG642040.1	A
MH760667.1	A
MH760600.1	B
MZ515935.1	A
MW160786.1	A
KX765968.1	B
KF530261.1	B
MZ515843.1	A
MW160775.1	A
MZ515674.1	A
KJ627699.1	A
MN365485.1	A
LC474560.1	A
OK649671.1	A
KU316180.1	A
ON237110.1	A
KJ627696.1	A
LC474545.1	A
OK649601.1	B
MG642061.1	A
KF973335.1	A
MN365600.1	A
KX655654.1	A
MZ515726.1	A
LR699742.1	A
KP856964.1	B
MZ515918.1	A
LC474550.1	A
MZ515636.1	A
MN365514.1	A
MN365590.1	A
MK749883.1	A
KJ672468.1	B
MG642041.1	A
KU316121.1	A
MZ515578.1	A
KP258704.1	A
KM042388.1	B
KJ627647.1	B
OK649620.1	B
KJ939948.1	A
OM857162.1	B
KU316119.1	A
MG642028.1	A
KU950691.1	A
KU316096.1	A
MN365392.1	A
KJ627719.1	A
KU316090.1	A
JX576734.1	A
MZ516119.1	A
KU950616.1	A
MZ515757.1	A
MZ516022.1	A
KJ672482.1	B
MZ515559.1	B
KU316145.1	A
OK649659.1	B
KJ643464.1	A
KJ643470.1	A
JF920060.1	B
OK500259.1	B
MG642024.1	A
KX655681.1	A
KU839626.1	B
KP856969.1	A
MN365394.1	A
MN365432.1	A
MZ515907.1	B
KP258744.1	A
KJ643556.1	A
MN365480.1	A
KJ627708.1	A
OK649604.1	B
LC474556.1	B
MZ515758.1	B
JX576735.1	A
MN365542.1	A
KJ627695.1	A
KJ627723.1	A
MN365397.1	A
KJ723471.1	A
OM857319.1	B
MG642031.1	A
KU316133.1	A
KF973325.1	A
MG642083.1	A
MN365395.1	A
OM857396.1	A
MZ516050.1	A
KU316150.1	A
KF973324.1	A
KM517573.1	A
KX765890.1	A
MN365393.1	A
OM141140.1	A
MZ515560.1	A
KU950620.1	B
MG839544.1	A
KJ643563.1	A
KP258696.1	A
KP258710.1	A
OK649706.1	A
KU950654.1	B
MH760620.1	B
MW582529.1	A
MT373703.1	A
MH760602.1	B
MN365406.1	A
MN365318.1	A
MH760658.1	A
MW160808.1	A
KJ643577.1	A
MZ515767.1	A
MZ515694.1	A
KJ672432.1	B
MN365371.1	A
KJ627724.1	A
KU316143.1	A
MZ515713.1	A
KX510155.1	B
MN365509.1	A
KX655683.1	A
MZ515917.1	A
KX510161.1	B
KU316164.1	A
MG642074.1	A
KJ643546.1	A
KX510217.1	B
OM857280.1	B
MZ151851.1	A
OK649634.1	B
MN365404.1	A
KJ643498.1	A
KU950665.1	A
MH182056.1	B
MZ515743.1	A
MN365359.1	A
MH447952.1	B
OK649700.1	A
MN365360.1	A
MN365314.1	A
MN365439.1	A
KY249669.1	A
MZ515934.1	A
MZ515887.1	B
MN365396.1	A
MH760704.1	A
MZ515930.1	A
MN365435.1	A
KP317944.1	B
MN365555.1	A
MN365512.1	A
KX510192.1	B
KJ643500.1	A
MZ515630.1	A
KF826824.1	A
MH760692.1	A
MK109769.1	A
KX655698.1	A
OK649624.1	B
MH760647.1	B
MN163124.1	A
MN365345.1	A
MF973154.1	A
MN365576.1	A
KU950482.1	A
MH760706.1	A
KF826850.1	A
MN365577.1	A
MW160837.1	A
MZ516023.1	B
OM857376.1	A
MW160788.1	A
MH182007.1	B
MN365506.1	A
MH594387.1	A
MN365331.1	A
MN365408.1	A
KU950520.1	B
MN365302.1	A
MN365329.1	A
KP317917.1	A
MN365574.1	A
MZ516134.1	B
MN365524.1	A
MK109765.1	A
MN365495.1	A
MN365433.1	A
KY249666.1	A
KU950675.1	A
MH181946.1	B
KJ627367.1	B
MW160750.1	A
OK649754.1	A
KU316148.1	B
MN365580.1	A
KU839627.1	A
MZ515751.1	A
MN365411.1	A
KJ643489.1	A
MH181978.1	B
MT040087.1	A
MW160833.1	A
MN365544.1	A
MN365373.1	A
MN365430.1	A
KX655644.1	B
KP119748.1	B
MN365566.1	A
MZ515722.1	B
KJ627297.1	B
MZ515607.1	A
MZ515733.1	A
MZ516116.1	A
KX765978.1	A
MZ515778.1	A
MZ516105.1	A
MZ515719.1	A
MN365547.1	A
KJ643564.1	A
MN365323.1	A
OM857186.1	B
MZ515806.1	A
MG431252.1	A
OM857337.1	B
MN365330.1	A
KU316157.1	A
OK649704.1	A
LC495297.1	A
KJ627278.1	A
MW160793.1	A
KJ723484.2	A
MN365473.1	A
MW160776.1	B
KX655634.1	B
OM857258.1	B
MN365416.1	A
ON237111.1	A
OM857384.1	A
MZ515564.1	B
KU839635.1	A
KJ627671.1	A
MN365319.1	A
MH447951.1	B
MN365528.1	A
MZ516109.1	A
OK649744.1	A
MZ516081.1	A
KJ627357.1	B
OK649707.1	A
MZ516098.1	A
OM857389.1	A
KF826853.2	A
OM857378.1	A
MZ515976.1	A
MN365410.1	A
MZ515916.1	A
KX655649.1	A
OM857321.1	B
OK649693.1	A
MZ515699.1	A
MT422270.1	B
KX510232.1	B
MZ515670.1	A
KU316172.1	A
MZ515890.1	A
MZ515664.1	A
OM857159.1	B
JX015497.1	B
JF920068.2	B
KJ627260.1	B
MH181952.1	B
LR699744.1	A
MZ515819.1	B
MZ515904.1	A
KP317952.1	A
MZ516018.1	A
MZ515855.1	A
OK649650.1	B
MZ515638.1	A
KF826859.1	A
MZ516122.1	A
MN125683.1	A
OK649696.1	A
MZ516030.1	A
MH594414.1	A
KY674984.1	A
MZ515832.1	A
KJ627697.1	B
KJ939941.1	B
MH181956.1	B
MZ516133.1	A
OM857275.1	B
MH182035.1	B
KP317935.1	B
MZ516020.1	A
MZ516006.1	A
KY249657.1	A
MK109770.1	A
MH760685.1	A
MZ515785.1	A
MK109773.1	B
MN167846.1	A
MH760644.1	B
MN365525.1	A
KX765923.1	A
MZ515829.1	A
MN125665.1	A
KY249668.1	A
MZ515711.1	A
MN108245.1	A
MN071212.1	B
MK481079.1	A
KX655700.1	A
KP317916.1	B
MZ515729.1	A
MZ515932.1	A
MZ515970.1	A
MH181996.1	B
KU950511.1	B
MG642032.1	A
KF826843.1	A
KP119745.1	B
MK109766.1	A
MZ515746.1	A
MN365357.1	A
MZ515745.1	A
OM857350.1	B
KX765889.1	A
MG642051.1	A
JF920054.1	B
KX655693.1	A
MH181895.1	B
KX655633.1	A
MH594371.1	A
MK109768.1	A
MZ515982.1	A
ON237094.1	A
KU950488.1	A
LC474547.1	A
KM042386.1	B
MF001046.1	A
OK649702.1	A
MN125671.1	A
KF973327.1	A
MN365309.1	A
KX765908.1	A
MH594440.1	A
MH181969.1	B
MH594436.1	A
KY249671.1	A
MH594396.1	A
KX510260.1	B
MZ515644.1	A
OM857278.1	B
MH594403.1	A
KX510223.1	B
KP258745.1	A
MN365456.1	A
MH594401.1	A
MZ515838.1	A
MZ515599.1	A
MH760689.1	A
LC474540.1	A
MH594394.1	A
MH594426.1	A
LC324679.1	A
LC699636.1	A
KJ627366.1	B
MN365552.1	A
LC699635.1	A
MN365333.1	A
MH594427.1	A
KY249676.1	A
KX655624.1	A
MH594428.1	A
OK649691.1	A
KY924878.1	A
OK649663.1	B
MH594398.1	A
MK109784.1	A
ON237090.1	A
MH594397.1	A
ON237086.1	A
KX655645.1	A
MZ516106.1	B
MH181955.1	B
MH594442.1	A
MH383066.1	B
ON237097.1	A
OK649733.1	A
KP258729.1	A
MH594438.1	A
KU950558.1	A
KU316097.1	A
KU316144.1	A
KU950621.1	A
MH182020.1	B
MF001055.1	A
MK749913.1	B
KF826826.1	A
OM857238.1	B
KX510195.1	B
MZ515804.1	B
KJ627720.1	A
KJ643549.1	A
KY249672.1	A
KX510234.1	B
MH181995.1	B
MZ515701.1	B
MH594439.1	A
KX765974.1	B
KU950542.1	A
KX765952.1	A
MN365471.1	A
MN365461.1	A
KU950571.1	A
MZ515732.1	A
MH594393.1	A
MZ515951.1	B
KU316153.1	A
KU950588.1	A
MH594425.1	A
KP856965.1	A
MH828496.1	B
KY249663.1	A
OM857214.1	B
KJ643485.1	A
KP258737.1	B
KJ627715.1	A
MZ515968.1	B
MN536997.1	B
KX655686.1	A
GU591770.1	A
OK649731.1	A
KU316159.1	A
LC474530.1	A
KU839633.1	A
KJ672458.1	B
MH594376.1	A
KY249673.1	A
KJ643473.1	A
KU316128.1	A
KJ627733.1	A
JX576741.1	A
OK649724.1	A
MH181890.1	B
KU950669.1	A
KJ627333.1	B
MH594365.1	A
KU950532.1	A
OK649701.1	A
KX765922.1	A
KU950633.1	A
KP856968.1	B
MN306021.1	B
KT992094.1	A
KJ627262.1	A
MZ515672.1	A
KP317938.1	A
MW160783.1	B
MN365424.1	A
MH760718.1	A
KJ627342.1	A
KU950533.1	A
JX576737.1	A
MZ515795.1	B
OK649750.1	A
KU950548.1	A
MN365560.1	A
KX510179.1	B
KJ627298.1	B
OM857305.1	B
KX765930.1	B
MH760656.1	A
OK649730.1	A
KU950688.1	A
JX576745.1	A
KY249675.1	A
LC474528.1	A
MH182042.1	B
OK649723.1	A
MZ515652.1	B
MZ515825.1	B
JQ901450.1	A
MN365479.1	A
MH760663.1	A
KX655629.1	A
KP317929.1	A
KX655632.1	B
KJ672424.1	B
OK649729.1	A
KU950512.1	A
MF185753.1	A
MZ515717.1	B
KX765910.1	B
KU950659.1	A
MN365338.1	A
MK167030.1	A
MZ515725.1	A
MZ516091.1	B
MH760628.1	B
KU950495.1	A
OK649683.1	B
KU950580.1	A
LC474532.1	A
MN365305.1	A
KU950593.1	A
KU950623.1	B
KU950500.1	A
KU950684.1	A
KU950515.1	A
KU950525.1	A
KX765927.1	A
KJ643536.1	A
JX576758.1	A
MN365375.1	A
LC474533.1	A
OK649626.1	B
MZ515584.1	A
MZ515626.1	B
KX510247.1	B
JX015493.1	B
MN078121.1	B
MH760626.1	B
KX655701.1	A
KU950584.1	A
MW160769.1	B
MN365522.1	A
KU950605.1	A
KU950510.1	A
JF920049.1	B
KU950502.1	B
MH760678.1	A
MH182040.1	B
MZ515720.1	B
OK649593.1	A
MH594362.1	A
KU950565.1	A
KU950676.1	A
KU950553.1	A
MZ515847.1	B
MH594369.1	A
OM256496.1	B
KU950526.1	A
MH594412.1	A
KU950534.1	A
KJ627252.1	B
KU950582.1	A
MH594424.1	B
KU950591.1	A
MZ515708.1	A
KU950543.1	A
KU950648.1	A
KP258721.1	A
OM857370.1	A
KU950517.1	A
KU950476.1	A
MH181921.1	B
JC603430.1	A
MH760714.1	A
KU950551.1	A
KX765973.1	A
MN365540.1	A
MH181923.1	B
KU839641.1	A
KU950503.1	A
MW160760.1	A
KX655655.1	A
KU950465.1	A
KU950492.1	B
KU950471.1	A
MN365598.1	A
KU316116.1	A
KU950672.1	A
MW160756.1	B
KU950697.1	A
MZ515589.1	A
KU839628.1	A
KU950663.1	A
KP317937.1	B
ON210123.1	B
OK649616.1	B
KU950601.1	A
KX765886.1	B
KU316130.1	A
KF826851.1	A
KX765959.1	A
KU839640.1	A
KJ643529.1	A
KX894801.1	A
ON237100.1	A
ON237103.1	A
KF826857.1	A
ON237092.1	A
KU950597.1	A
KP258700.1	B
KY967362.1	B
KU950562.1	A
KU950599.1	A
KU950478.1	A
ON237109.1	A
KU950516.1	A
KU950497.1	A
ON237085.1	A
KJ627655.1	A
ON237107.1	A
MF001038.1	A
KJ672473.1	A
MK749894.1	A
OM857345.1	B
MG642069.1	A
KJ939936.1	B
KU950539.1	A
KU950494.1	A
JX576736.1	A
KU950630.1	A
KU950578.1	A
KU950668.1	A
KJ627352.1	B
ON237093.1	A
KP317951.1	B
KP258725.1	A
KJ643538.1	A
KY883571.2	A
KJ627289.1	B
KU950552.1	A
MK109764.1	A
MZ515570.1	B
MT040077.1	A
KJ627256.1	B
MH594446.1	A
MK109788.1	A
MT040079.1	A
KJ939925.1	A
MK749900.1	A
KP317922.1	A
KJ939923.1	A
MN365401.1	A
MH828508.1	A
KU950618.1	A
KJ643518.1	A
MH760655.1	A
OK649638.1	B
KU839623.1	A
LC474559.1	A
KU950555.1	A
OM256495.1	B
MH181920.1	B
LR699740.1	A
KJ627299.1	A
KJ643568.1	A
MH594382.1	A
ON237112.1	A
KF530265.1	A
MH685715.1	A
OK649617.1	A
MN365517.1	A
MH594361.1	A
MN365364.1	A
ON237102.1	A
MH828501.1	B
MG431253.1	A
MN365543.1	A
MN365368.1	A
LC474534.1	A
OK500268.1	B
ON237104.1	A
MH594448.1	A
MH760617.1	B
KX655673.1	B
OK649662.1	B
MT040081.1	A
KJ939934.1	A
MT040080.1	A
MZ516074.1	B
LC474535.1	A
MH594363.1	A
MN167850.1	A
MN365365.1	A
MG813984.1	B
KJ939932.1	A
OM857284.1	B
GU591765.1	A
KJ627313.1	B
MW160832.1	A
AF013254.1	A
KJ939927.1	A
MT040082.1	A
KX510187.1	B
MH447954.1	B
MZ515655.1	B
MZ515773.1	B
OM857281.1	B
MN630104.1	B
MZ515895.1	A
LC474537.1	A
KJ723492.1	B
MH594374.1	A
MZ515558.1	A
MN365481.1	A
KJ939924.1	A
JF920057.1	B
MH594385.1	A
MH181958.1	B
MH594373.1	A
KJ672441.1	B
MH594404.1	A
OM857357.1	B
KP317928.1	A
MH594421.1	A
KP258695.1	A
MH594372.1	B
KF826818.1	A
OM857383.1	A
MH594417.1	A
MH760634.1	B
MH594415.1	A
MZ515857.1	A
MH447959.1	B
MN365573.1	A
MH760698.1	A
MH828504.1	A
MH594418.1	A
MZ515965.1	A
MH594419.1	A
MH594411.1	A
MH594402.1	A
MH594409.1	A
KJ627673.1	A
MH594407.1	B
KJ723468.2	A
MH594408.1	A
MH760715.1	A
KP317945.1	A
MH594413.1	A
MH594380.1	A
KU316158.1	A
MN365399.1	A
MH594384.1	B
JX576743.1	A
KJ627364.1	A
MG642077.1	B
MN365320.1	A
MF001040.1	A
KP317946.1	A
MN365328.1	A
MG642036.1	A
MN365493.1	A
KM517572.1	B
JX015481.1	B
MH594405.1	A
MH594378.1	A
OK649612.1	B
MH594375.1	A
OK649714.1	A
MN365388.1	A
MH594423.1	A
KJ627254.1	A
KU950467.1	A
OK649719.1	A
OK649599.1	B
OK649709.1	A
MW160812.1	A
MZ515774.1	A
KJ627330.1	A
KJ627331.1	A
MZ515905.1	B
OM857261.1	B
MZ516035.1	B
KF826842.1	A
KU316154.1	A
MK109789.1	A
KF530263.1	B
MN365526.1	A
KJ723464.1	B
MH594451.1	A
OK649608.1	A
MW160804.1	A
MH594435.1	A
KJ627348.1	A
OM857285.1	B
KJ627280.1	A
OK649712.1	A
MH760590.1	B
LR699737.1	B
KU316095.1	A
OK649686.1	A
OK649746.1	A
OK649713.1	A
KX655666.1	B
MN365594.1	A
KX655636.1	B
MK749909.1	B
KJ672466.1	B
MZ516052.1	B
KP258707.1	A
OK649687.1	A
MH181878.1	B
KU950695.1	A
KU316122.1	A
OK649749.1	A
MN365505.1	A
OK649737.1	A
KF826835.1	A
JF920055.1	B
MZ516032.1	A
JX576754.1	A
MH760652.1	A
OK649641.1	B
MW160817.1	A
MH594368.1	A
JX576757.1	A
JX576756.1	A
JX576748.1	A
KP317954.1	A
OK649725.1	A
KJ627687.1	A
JX576752.1	A
JX576753.1	A
KU950574.1	A
MN365447.1	A
OK649705.1	A
KP258714.1	A
MZ515995.1	A
OK649690.1	A
JX576740.1	A
JX576732.1	A
OK649743.1	A
OM857144.1	B
KJ627263.1	B
OK649742.1	A
MN078116.1	B
KU950477.1	A
KJ643539.1	A
MH181884.1	B
KJ627707.1	A
OK649695.1	A
KP258735.1	A
MZ516067.1	B
MH181880.1	B
OK649718.1	A
OK649728.1	A
MH594449.1	A
MG642082.1	A
KY249665.1	A
KF530266.1	A
OK649717.1	A
KF826825.1	A
KF640637.1	A
KF826819.1	A
KF530259.1	A
KF826820.1	A
OK649685.1	A
KJ643515.1	A
KJ939965.1	B
MN365356.1	A
JX576759.1	A
KU316140.1	A
KX510174.1	B
OK649716.1	A
JX576730.1	A
LC474524.1	A
OK649688.1	A
KP258705.1	A
KU950586.1	A
OM857157.1	B
JX576729.1	A
KX655646.1	A
MH594445.1	A
MH594430.1	A
MK109781.1	A
JX576751.1	A
MW160839.1	A
JX576755.1	A
KJ939922.1	A
KU839624.1	B
KX510259.1	B
MK929519.1	A
MZ515849.1	A
OK649741.1	A
MZ151853.1	B
MH182003.1	B
KX765939.1	B
KX510231.1	B
KU950457.1	A
MH594429.1	A
JX576746.1	A
MH594350.1	A
MH594370.1	A
MH594452.1	A
OK649738.1	A
MH594454.1	A
MH594457.1	A
KF826860.1	A
MH594359.1	A
MN365349.1	A
KU950541.1	B
KX655679.1	B
MH760700.1	A
MH594367.1	A
MH594355.1	A
OK649721.1	A
OK649732.1	A
OK649655.1	B
OK500263.1	A
MH594392.1	A
MH181896.1	B
KJ627738.1	B
KU950499.1	B
MZ516028.1	B
KJ723490.1	A
KY654510.1	B
MZ515793.1	A
MG642025.1	A
MZ515608.1	A
JX576731.1	A
OK649753.1	A
MN365389.1	A
OK649722.1	A
KJ627302.1	A
MP212244.1	A
MH181940.1	B
LC474546.1	A
KJ627293.1	B
KF826829.1	A
KX655639.1	B
KU950635.1	A
MZ515975.1	A
KP317941.1	A
KJ627255.1	B
KP258715.1	A
MH828503.1	A
KJ939953.1	B
KX348546.1	A
KJ643492.1	A
MH594443.1	A
KJ723478.1	A
LC385003.1	A
MN125662.1	A
MH594453.1	A
KX655689.1	B
KX765929.1	A
MH594353.1	A
KX765961.1	A
KU839625.1	A
KJ723475.1	A
MH594358.1	A
MN078110.1	B
KX765892.1	A
MH594352.1	A
KJ627285.1	A
JQ582843.1	A
MF973157.1	B
MG642058.1	A
MK929518.1	A
ON237099.1	A
KY883569.1	A
KU950559.1	A
OK649600.1	B
MN365490.1	A
MF001044.1	A
MH182058.1	B
KU950607.1	A
KJ627700.1	A
MH828510.1	A
JX576761.1	A
KX765947.1	A
MZ515996.1	A
OK649605.1	B
KY883568.2	A
MZ516137.1	B
MZ515978.1	A
KU950637.1	A
KJ627283.1	B
MZ516085.1	B
MH760666.1	A
KJ939919.1	A
JQ582844.1	A
MH760719.1	A
MZ516083.1	A
MZ515853.1	B
LC385007.1	A
MH828505.1	A
KJ627362.1	B
OK649595.1	A
KJ627691.1	B
MN078115.1	B
KY249667.1	A
MH181933.1	B
MN125682.1	A
MF001053.1	B
MH760665.1	A
KJ627253.1	B
MH594354.1	A
KU950682.1	A
KX765960.1	B
KJ627335.1	B
MN365321.1	A
KU950628.1	B
KY249656.1	A
MK989761.1	A
MH760697.1	A
MN365343.1	A
KU316182.1	A
KU950687.1	A
MZ516124.1	B
GU591763.1	A
LC474531.1	A
MH181983.1	B
KJ627653.1	A
KU950603.1	A
KX510147.1	B
MZ515807.1	A
MH181911.1	B
KJ627251.1	A
OM857153.1	B
LC474549.1	B
MZ515947.1	A
KU316173.1	A
KX510180.1	B
JF920070.1	A
LC474536.1	B
MH181879.1	B
MH181949.1	B
KJ939929.1	A
KJ939930.1	A
MG642065.1	A
KX655671.1	A
KF530260.1	A
KY249678.1	A
KU950458.1	A
MG813981.1	B
MZ515639.1	A
OM857151.1	B
KP663729.1	A
MH447960.1	B
MZ515820.1	A
MZ516121.1	A
MN125667.1	A
KX765899.1	A
OM857213.1	B
KJ672430.1	A
MZ516025.1	A
MH181994.1	B
MH594447.1	A
KU950600.1	A
JX576750.1	A
KX765897.1	A
KX765921.1	A
KJ672438.1	A
KX765905.1	A
KX765957.1	A
KX510151.1	B
KX655664.1	A
MH760660.1	A
KX765907.1	A
KJ627339.1	B
MH760727.1	A
MN365334.1	A
KX510140.1	B
KX655669.1	A
KX765893.1	A
KJ643551.1	A
OM857248.1	B
MG642079.1	A
JX576739.1	A
MW160792.1	A
KF826845.1	A
OK649699.1	A
KY249662.1	A
MN365465.1	A
MN125672.1	A
KU316127.1	A
KX765975.2	A
OM857270.1	B
KJ627676.1	A
KM042393.1	A
MF001042.1	A
MN125675.1	A
KF530262.1	A
MN125678.1	A
LC474539.1	A
MZ515651.1	B
KU839636.1	A
MH760659.1	A
MZ515803.1	B
KX510190.1	B
MN167840.1	A
ON237101.1	A
KJ627323.1	A
MH594434.1	A
KU950569.1	A
KX765909.1	A
KX765943.1	A
KU950484.1	A
KY249674.1	A
KU950647.1	A
MN365384.1	A
JF920058.1	A
LC699634.1	B
KX765965.1	A
MH594433.1	A
CS126018.1	B
KU950602.1	A
KU950652.1	B
KJ643505.1	A
MH594450.1	A
MH760598.1	B
KU316125.1	B
MN125666.1	A
KJ723488.1	A
JX576742.1	A
JX015483.1	B
MF973158.1	A
KJ627265.1	A
KJ627332.1	A
MN125663.1	A
KU316170.1	A
KJ627277.1	A
KF826844.1	A
MN125677.1	A
OK649692.1	A
KU316171.1	A
LC474526.1	A
KX510172.1	B
KY249659.1	A
JF920061.2	A
OK649755.1	A
MN125680.1	A
MN167839.1	A
OK649647.1	B
KU316115.1	A
KP258718.1	A
MN125679.1	A
MG642044.1	A
OK649736.1	A
MZ515586.1	A
MN108247.1	A
KU316179.1	A
KJ723479.1	A
KF893260.1	A
MH181971.1	B
MH181960.1	B
KX765888.1	A
GU591760.1	A
MZ515709.1	B
MG839545.1	A
KX655685.1	A
KU950577.1	A
KY249677.1	A
KJ723460.1	A
MN167841.1	A
KP258738.1	A
MG813995.1	B
LC385005.2	A
MZ515915.1	B
KJ627292.1	B
MZ516068.1	B
MG642047.1	A
KJ723463.2	A
KU316129.1	A
MH181938.1	B
KJ643466.1	A
KJ939960.1	B
KU316151.1	A
MG642076.1	A
LC474551.1	A
KF973326.1	A
MG642027.1	A
KJ723477.1	A
KJ723480.2	A
MN125673.1	A
MK534511.1	A
MW160801.1	B
KJ643587.1	A
OK649748.1	A
KJ723482.2	A
MH760664.1	A
MN365569.1	A
KP258698.1	A
MH760619.1	B
JX015495.1	B
JQ901447.1	B
MZ516012.1	B
MH760708.1	A
KJ723481.2	A
OK649720.1	A
MW160766.1	B
KU316102.1	A
KY249664.1	A
KJ672451.1	B
MK109779.1	A
MG642043.1	A
KU316109.1	A
KP317919.1	A
JC603428.1	A
KU316105.1	A
MZ515748.1	A
MZ515920.1	B
KJ627369.1	B
KX655650.1	B
KP258708.1	A
KX510212.1	B
MG642066.1	A
JX015487.1	A
MG642053.1	A
KP258706.1	A
JX576760.1	A
AY911262.1	A
OK649740.1	A
KJ939958.1	B
OK649628.1	B
KJ723469.1	A
KP258713.1	A
MN630102.1	B
MF185754.1	A
KU316156.1	A
MK749903.1	A
MH182026.1	B
KP258739.1	A
MH182050.1	B
MN365500.1	A
DI482023.1	A
MG642049.1	A
MH182031.1	B
KX510246.1	B
OK649751.1	A
MH760657.1	A
MN167851.1	A
KJ723466.2	A
KU316113.1	A
KY674983.1	A
KP317939.1	A
OM857166.1	B
MH760712.1	A
KU316175.1	A
MG642042.1	A
MG642067.1	A
KJ723491.2	A
KP258742.1	A
AF013255.1	A
KY249682.1	A
KJ817801.1	A
KP258741.1	A
KX510237.1	B
KU839632.1	A
MN536990.1	B
MZ515563.1	A
MG813989.1	A
MG642070.1	B
KU316134.1	A
MH760710.1	A
KU316108.1	A
MT373704.1	A
KJ627659.1	A
MT040083.1	A
MZ515900.1	A
MG642038.1	A
KU950598.1	B
KU316160.1	A
KJ723461.1	A
KU316103.1	A
MZ515952.1	A
KP258702.1	A
GU591758.1	A
KU950505.1	B
MH181975.1	B
KJ627654.1	A
GU591771.1	A
MG642064.1	A
JX015494.1	B
MZ515682.1	B
KJ723474.1	A
JF920050.1	B
M74568.1	A
KF713490.1	A
KP856962.1	A
KU316155.1	A
MZ515822.1	B
MT994243.1	A
KP258717.1	A
MH760589.1	B
KJ627310.1	A
KF826849.1	B
MW160755.1	A
MN365419.1	A
KP856966.1	A
KJ939969.1	B
MN365398.1	A
KP258740.1	A
KU950611.1	A
KX510169.1	B
MW039343.1	A
ON210121.1	B
KJ723483.1	B
KX655691.1	B
GU591768.1	A
KP258730.1	A
MT492012.1	A
KX765976.1	A
OK649614.1	B
MZ515790.1	B
MZ516101.1	A
JC603429.1	A
KU316167.1	B
KX765950.1	B
KJ643514.1	A
KJ627656.1	A
KJ723472.2	B
OK649668.1	A
MG642075.1	A
MG642071.1	B
KJ723467.1	A
KU950508.1	A
JX069801.1	B
MG642035.1	B
MZ515777.1	B
OM857171.1	B
MZ515657.1	A
OK649667.1	B
KU316142.1	B
KJ627321.1	B
KU950524.1	B
KU316112.1	A
KU950455.1	B
JF920063.1	B
JF920067.2	B
KP258743.1	B
MN630089.1	B
MN125676.1	A
MK733767.1	A
OK649590.1	B
KP258697.1	B
LC385001.1	A
KU316124.1	A
OK649708.1	A
MW768128.1	A
MG642034.1	B
OK649623.1	B
KU316139.1	B
JX069798.1	B
OK649734.1	A
MT492011.1	A
MZ515885.1	B
KU316181.1	A
MH181887.1	B
KX510143.1	B
OK649657.1	B
JX069800.1	B
KJ939964.1	B
MZ515565.1	A
KJ627305.1	B
MK816924.1	A
MZ515761.1	A
FJ948820.1	B
MG642056.1	B
KP119746.1	B
KU950575.1	A
JX015486.1	B
MZ516103.1	B
ON210124.1	B
OK649625.1	B
KJ817798.1	A
KU316131.1	B
KU316138.1	B
MG642063.1	B
KF826831.1	B
MG642037.1	A
OK649594.1	A
JB769063.1	B
OK649666.1	B
JX015480.1	B
KP317933.1	B
JX069799.1	B
MZ516077.1	B
OM857268.1	B
OK649672.1	B
MZ516045.1	A
KU316118.1	B
KU950595.1	B
JQ901452.1	B
JF920066.1	B
MZ515972.1	A
OK649710.1	A
KU316141.1	B
OM857360.1	B
MZ515921.1	B
KY883572.2	B
MZ515942.1	B
KJ939938.1	B
MG642030.1	B
MN365535.1	A
KU950606.1	A
OK649679.1	B
KU316091.1	B
KJ627276.1	B
KU316110.1	B
KP317942.1	B
MG642033.1	B
KJ627290.1	B
KF973331.1	A
KF826838.1	B
KU950671.1	B
OK649631.1	B
KJ627303.1	B
KJ627257.1	B
MN365339.1	A
OK649618.1	B
OK649613.1	B
KJ643547.1	A
MZ516123.1	A
KJ627337.1	B
KU950594.1	B
MF973159.1	B
OK649598.1	B
DJ068250.1	B
JQ901449.1	A
OK649597.1	B
JF920065.1	B
KX765918.1	B
OK649615.1	B
MN125681.1	A
KJ627679.1	A
OM857205.1	B
MH182044.1	B
KP317950.1	B
OK649621.1	B
KJ627288.1	B
MN365354.1	A
KX655630.1	B
AY353550.1	A
KM042392.1	B
KU950617.1	B
KJ627284.1	B
KJ627314.1	B
MF973156.1	A
MZ515958.1	B
OK649649.1	A
KJ672431.1	B
KJ627363.1	B
LC385002.1	A
OK649607.1	B
JX015484.1	B
MH181892.1	B
KU950662.1	A
KJ643483.1	A
MK749878.1	A
OM857273.1	B
KJ672483.1	A
KJ627368.1	B
KF530258.1	B
KJ627324.1	B
KP317926.1	B
MZ515961.1	B
KF530264.1	B
KU316152.1	A
KU950673.1	B
OM857369.1	A
KX655678.1	B
KX655694.1	B
OK649611.1	B
MZ515834.1	B
KJ627273.1	B
MN604236.1	B
MK749885.1	A
MW160765.1	A
KU950566.1	B
OK649619.1	B
OK649603.1	B
MZ515606.1	B
MH760676.1	A
KJ627296.1	B
KJ627270.1	B
KJ627358.1	B
KJ627325.1	B
KJ627329.1	B
MH182005.1	B
KJ672456.1	B
KJ627334.1	B
OK649602.1	B
MK109776.1	B
MN365556.1	A
JF920046.1	B
MG642054.1	A
KU950498.1	B
KJ627281.1	B
KX765919.1	B
KX655668.1	B
KJ627282.1	B
MZ515624.1	A
KU950650.1	B
KX655651.1	B
KX655623.1	B
OK649596.1	B
OM857304.1	B
OK649644.1	B
MH182025.1	B
MH760604.1	B
KX655615.1	B
JX576738.1	A
KJ627356.1	B
MZ515950.1	A
MZ515842.1	B
MF973160.1	B
KY654511.1	B
JX015489.1	B
MF554737.1	B
MF001041.1	B
KJ939970.1	B
KJ939942.1	B
KJ627726.1	A
KJ939949.1	B
KJ939952.1	B
MK109785.1	B
KJ939945.1	B
MK109787.1	B
MF001052.1	B
KX655684.1	A
KU839638.1	A
JX015479.1	B
KJ627291.1	B
KJ627341.1	A
KP317925.1	A
KX655619.1	B
MZ515730.1	A
KJ627267.1	B
KU950657.1	A
OM857178.1	B
KU316100.1	A
KJ939939.1	B
KX655631.1	B
KX655697.1	B
MK453523.1	A
KJ627275.1	B
OK649643.1	B
KU950576.1	A
MN365530.1	A
KJ627258.1	B
KJ939967.1	B
MZ515593.1	B
KX655696.1	B
MK733769.1	A
MN365378.1	A
OK649645.1	B
KJ627274.1	B
OM256491.1	B
MN365441.1	A
KX655647.1	B
KF973336.1	A
OK649610.1	B
KF826856.1	B
OK649636.1	B
KX765942.1	B
OK649651.1	B
MH760592.1	B
MH182010.1	B
KJ939946.1	B
MN078111.1	B
MG431255.1	B
MZ516040.1	B
OK649648.1	B
